enrichm,p_higher_orig,p_lower_orig,PI_value,cell_1,cell_2
-0.216317906926763,1,0.81,-0.0186436070584354,Tumor,Tumor
-0.031708859727338,0.81,0.68,-0.00510991157674534,Other,Tumor
0.00851149985551748,0.68,0.81,0.00137163594090636,Other,Other
