enrichm,p_higher_orig,p_lower_orig,PI_value,cell_1,cell_2
2.22659793903237,0,1,4.45319587806475,Tumor,Tumor
-2.09099453222059,1,0.04,-2.72044660718836,Helper T-Cell,Tumor
-1.53807513401258,1,0,-3.07615026802516,Other,Tumor
1.21386834902991,0.26,1,0.690249528798912,T-reg,Tumor
-1.0703893278914,1,0.9,-0.0438416565447921,Helper T-Cell,T-reg
-0.944858445807539,1,0.01,-1.60528615777056,Other,T-reg
0.148877348932865,0,1,0.29775469786573,Other,Other
0.114035243246029,0.27,0.9,0.0630434683725038,Helper T-Cell,Other
0,1,1,0,Helper T-Cell,Helper T-Cell
