enrichm,p_higher_orig,p_lower_orig,PI_value,cell_1,cell_2
-1.06413033741972,1,0.89,-0.0486919338698107,APC,Tumor
-1,1,0.98,-0.00436480540245009,APC,APC
0.478047296804644,0.78,1,0.0489390922746331,Tumor,Tumor
-0.200492939765081,0.99,0.04,-0.260847328553222,Other,Tumor
0.0469210473874927,0.87,1,0.0026049311708689,APC,Other
0.00491162855743456,0.0600000000000001,0.99,0.00567244944770312,Other,Other
