enrichm,p_higher_orig,p_lower_orig,PI_value,cell_1,cell_2
-1.90149445504757,1,0,-3.80298891009515,Other,Tumor
1.16316901109738,0,1,2.32633802219475,Tumor,Tumor
-1,1,0.97,-0.00877392430750515,APC,APC
0.500825842373648,0,1,1.0016516847473,Other,Other
-0.22026612022806,0.85,0.5,-0.0644123827498824,APC,Other
0.105610187960599,0.62,0.83,0.0211916822882777,APC,Tumor
