enrichm,p_higher_orig,p_lower_orig,PI_value,cell_1,cell_2
-1.25440308827243,1,0,-2.50880617654485,Other,Tumor
1.14068778021722,0,1,2.28137556043443,Tumor,Tumor
-0.675063155240299,0.99,0.03,-0.943697793090797,Helper T-Cell,Tumor
0.361070630813414,0,1,0.722141261626828,Other,Other
0.229343020881768,0.07,0.96,0.251568656018727,Helper T-Cell,Other
0.012072832300575,0.69,0.84,0.00187010538593825,Helper T-Cell,Helper T-Cell
