enrichm,p_higher_orig,p_lower_orig,PI_value,cell_1,cell_2
-1,1,0.96,-0.0132282657337552,APC,APC
0.0193653248669312,0.96,1,0.000256169663360263,APC,Tumor
-0.000686834119560998,1,0.96,-9.08562424856264e-06,Tumor,Tumor
