enrichm,p_higher_orig,p_lower_orig,PI_value,cell_1,cell_2
-3.4369613378336,1,0,-6.87392267566721,Helper T-Cell,Tumor
1.84856725447338,0.08,1,1.93315305317072,Helper T-Cell,Other
1.7282483770651,0,1,3.45649675413019,Other,Other
-1.23557389936858,1,0,-2.47114779873716,Other,Tumor
0.170610067202311,0,1,0.341220134404622,Tumor,Tumor
-0.0544477840223761,1,0.99,0,Helper T-Cell,Helper T-Cell
