enrichm,p_higher_orig,p_lower_orig,PI_value,cell_1,cell_2
-1.40632028217773,1,0.17,-1.04732538076864,CTL,Tumor
-1,1,0.94,-0.0222763947111523,CTL,CTL
0.92275700106754,0,1,1.84551400213508,Tumor,Tumor
-0.872500463927396,1,0.01,-1.48235211698191,Other,Tumor
0.500073603134643,0.16,1,0.384832180682517,CTL,Other
0.268121651191568,0.04,0.99,0.348834310687186,Other,Other
