enrichm,p_higher_orig,p_lower_orig,PI_value,cell_1,cell_2
-1.97400479146706,1,0.02,-3.00616994000672,APC,Tumor
-1.52504290918027,1,0,-3.05008581836054,Other,Tumor
-1,1,0.97,-0.00877392430750515,APC,Helper T-Cell
-1,1,0.88,-0.0506099933550872,Helper T-Cell,Helper T-Cell
0.895155485437931,0,1,1.79031097087586,Other,Other
0.84799690655495,0.12,1,0.751373296276251,APC,Other
0.577070689908324,0,1,1.15414137981665,Tumor,Tumor
0.556393348524385,0.04,0.99,0.723884435818149,Helper T-Cell,Other
-0.55019708256048,0.97,0.0600000000000001,-0.635423689027535,Helper T-Cell,Tumor
