enrichm,p_higher_orig,p_lower_orig,PI_value,cell_1,cell_2
-1,1,0.95,-0.0177287669604316,APC,APC
0.0291463456595165,0.95,1,0.000516728769945755,APC,Other
-0.000661634976461864,1,0.95,-1.1729972310563e-05,Other,Other
