enrichm,p_higher_orig,p_lower_orig,PI_value,cell_1,cell_2
1.34828515319419,0,1,2.69657030638837,Tumor,Tumor
-1.17990909001493,1,0.36,-0.50948271082613,Helper T-Cell,Tumor
-1,1,0.99,0,Helper T-Cell,Helper T-Cell
-0.743907746717201,1,0,-1.4878154934344,Other,Tumor
0.214798220180946,0.36,1,0.0927495011476106,Helper T-Cell,Other
0.128516559983475,0,1,0.25703311996695,Other,Other
