enrichm,p_higher_orig,p_lower_orig,PI_value,cell_1,cell_2
-1.51264829590527,1,0,-3.02529659181053,Helper T-Cell,Tumor
0.780358189679587,0.03,0.98,1.09089393444798,Helper T-Cell,Other
0.546482420784502,0,1,1.092964841569,Other,Other
-0.510182926255813,1,0,-1.02036585251163,Other,Tumor
0.261188937029684,0,1,0.522377874059368,Tumor,Tumor
0,1,1,0,Helper T-Cell,Helper T-Cell
