enrichm,p_higher_orig,p_lower_orig,PI_value,cell_1,cell_2
-1.09310940439148,1,0.85,-0.0716003589478633,Helper T-Cell,Tumor
-1,1,0.96,-0.0132282657337552,Helper T-Cell,Helper T-Cell
-1,1,0.94,-0.0222763947111523,Tumor,Tumor
0.0862010350493038,0.79,1,0.00835374342793596,Other,Tumor
0.0740005814437768,0.81,1,0.00637782503600414,Helper T-Cell,Other
-0.0088258496858439,1,0.75,-0.00105192131912544,Other,Other
