enrichm,p_higher_orig,p_lower_orig,PI_value,cell_1,cell_2
-0.455706807287159,1,0,-0.911413614574318,Other,Tumor
0.380821783940931,0,1,0.761643567881862,Tumor,Tumor
0.371558862611963,0.52,0.99,0.102447744285803,APC,APC
0.338353642800473,0,1,0.676707285600947,Other,Other
-0.19429721965122,0.79,0.29,-0.101593886422688,APC,Other
-0.0531113364595623,0.6,0.55,-0.0133740704222199,APC,Tumor
