enrichm,p_higher_orig,p_lower_orig,PI_value,cell_1,cell_2
-0.6999464047354,0.98,0.05,-0.855228639424413,APC,Other
-0.690044546778714,0.97,0.15,-0.549192665858427,APC,Tumor
0.597476254492428,0.01,1,1.01509423468567,APC,APC
0.42081985187285,0.1,0.98,0.403400988235946,Other,Other
0.148735379611139,0.54,0.8,0.0386172539392888,Other,Tumor
-0.0874628412503394,1,0.96,-0.00115698170588873,Tumor,Tumor
