enrichm,p_higher_orig,p_lower_orig,PI_value,cell_1,cell_2
-1,1,0.97,-0.00877392430750515,T-reg,T-reg
-1,1,0.92,-0.0315170514460649,T-reg,Tumor
-0.170507790802243,0.97,0.26,-0.0969569083433542,Other,Tumor
0.0409717810563064,0.89,1,0.00187476588493799,Other,T-reg
-0.0274807364221068,1,0.99,0,Tumor,Tumor
0.00689700538907359,0.35,0.97,0.00306018404332649,Other,Other
