enrichm,p_higher_orig,p_lower_orig,PI_value,cell_1,cell_2
0.509429869553799,0.05,0.96,0.622446249131532,Other,Other
-0.267835392097615,0.96,0.05,-0.327254338937477,Other,Tumor
0.091650864177203,0.05,0.96,0.111983493796174,Tumor,Tumor
