enrichm,p_higher_orig,p_lower_orig,PI_value,cell_1,cell_2
-1.17833724125851,1,0.62,-0.236444503389315,Helper T-Cell,Other
0.431620383474448,0.23,0.91,0.267513461525588,Other,Other
0.1456053222469,0.62,1,0.029217083958697,Helper T-Cell,Tumor
-0.0576640639611719,0.85,0.25,-0.033735014281601,Other,Tumor
0.00482913963269927,0.29,0.83,0.00252505447192934,Tumor,Tumor
