enrichm,p_higher_orig,p_lower_orig,PI_value,cell_1,cell_2
-1.8305397094784,1,0.03,-2.55898469734275,Helper T-Cell,Tumor
0.366127898797897,0.42,0.97,0.134197424201794,Tumor,Tumor
0.259487520111455,0.16,0.94,0.199688900990647,Helper T-Cell,Other
-0.225712779628059,1,0.84,-0.0159310504661615,Helper T-Cell,Helper T-Cell
-0.066950243924627,0.87,0.32,-0.032235609171483,Other,Other
0.0135283848446471,0.52,0.58,0.00373010214699618,Other,Tumor
