enrichm,p_higher_orig,p_lower_orig,PI_value,cell_1,cell_2
0.447373814488337,0,1,0.894747628976673,Tumor,Tumor
-0.421520998180804,1,0,-0.843041996361608,Other,Tumor
0.225290880881793,0,1,0.450581761763586,Other,Other
