enrichm,p_higher_orig,p_lower_orig,PI_value,cell_1,cell_2
-1,1,0.98,-0.00436480540245009,APC,APC
0.84295628985442,0,1,1.68591257970884,Other,Other
-0.576437765677726,1,0,-1.15287553135545,Other,Tumor
-0.2844533894687,1,0.71,-0.0405822549571635,APC,Other
0.176519373052081,0,1,0.353038746104163,Tumor,Tumor
0.0588936890535686,0.69,0.79,0.00912274786518869,APC,Tumor
