enrichm,p_higher_orig,p_lower_orig,PI_value,cell_1,cell_2
-1.63846004921378,1,0,-3.27692009842756,APC,Tumor
1.28623890336107,0.02,1,1.95878588728127,APC,Other
-1.0703893278914,1,0.9,-0.0438416565447921,APC,APC
0.7320556800424,0,1,1.4641113600848,Other,Other
-0.603834018784554,1,0,-1.20766803756911,Other,Tumor
0.216421524176602,0,1,0.432843048353205,Tumor,Tumor
