enrichm,p_higher_orig,p_lower_orig,PI_value,cell_1,cell_2
-1.16146342269412,1,0.62,-0.233058612227564,APC,APC
0.180331816503544,0.62,1,0.0361852832156387,APC,Other
-0.0445106960657925,1,0.62,-0.00893149181600054,Other,Other
