enrichm,p_higher_orig,p_lower_orig,PI_value,cell_1,cell_2
-1.36499681677925,1,0.34,-0.622345668129811,APC,Tumor
-1,1,0.9,-0.0409586076789064,APC,APC
-0.244152940075259,0.85,0.54,-0.0633912127132132,Tumor,Tumor
0.24297675349254,0.32,1,0.116989919740385,APC,Other
0.0980642863342464,0.26,0.85,0.0557629066515411,Other,Tumor
-0.0359699765874295,0.94,0.21,-0.0236530407752499,Other,Other
