enrichm,p_higher_orig,p_lower_orig,PI_value,cell_1,cell_2
-1,1,0.97,-0.00877392430750515,APC,APC
-0.838817932518524,1,0,-1.67763586503705,Other,Tumor
0.771256465808012,0,1,1.54251293161602,Tumor,Tumor
0.348947617005597,0,1,0.697895234011194,Other,Other
0.0372810160794595,0.61,0.69,0.00773984876204502,APC,Tumor
-0.0285691521967708,0.68,0.61,-0.00593119342003883,APC,Other
