enrichm,p_higher_orig,p_lower_orig,PI_value,cell_1,cell_2
-1.8703647195834,1,0.04,-2.43340060300966,Helper T-Cell,Tumor
-1,1,0.99,0,Helper T-Cell,Helper T-Cell
-0.898530850563238,1,0,-1.79706170112648,Other,Tumor
0.775484406770582,0.0600000000000001,1,0.895608461317726,Helper T-Cell,Other
0.601636827263033,0,1,1.20327365452607,Tumor,Tumor
0.514019248829523,0,1,1.02803849765905,Other,Other
