enrichm,p_higher_orig,p_lower_orig,PI_value,cell_1,cell_2
-0.614578981487254,1,0,-1.22915796297451,Other,Tumor
0.511999229165932,0,1,1.02399845833186,Tumor,Tumor
0.353418381015178,0,1,0.706836762030356,Other,Other
