enrichm,p_higher_orig,p_lower_orig,PI_value,cell_1,cell_2
-0.0796171680633679,0.75,0.69,-0.01233285538153,Other,Other
0.00771496512800545,0.69,0.69,0.0011950632195497,Other,Tumor
-0.00230646738316889,0.69,0.69,-0.00035727631829605,Tumor,Tumor
