enrichm,p_higher_orig,p_lower_orig,PI_value,cell_1,cell_2
2.05688506354165,0.01,1,3.49458602532405,Tumor,Tumor
-1.57443183322899,1,0,-3.14886366645797,Other,Tumor
-1.19793937761191,1,0.49,-0.360615685648225,Helper T-Cell,Tumor
0.204233052217608,0.49,1,0.0614802748235081,Helper T-Cell,Other
0.152981778771363,0,1,0.305963557542726,Other,Other
