enrichm,p_higher_orig,p_lower_orig,PI_value,cell_1,cell_2
-2.92219784839637,1,0,-5.84439569679273,Helper T-Cell,Other
0.678071905112638,0.43,0.98,0.241764722917823,Helper T-Cell,Helper T-Cell
-0.562809358482606,0.98,0.08,-0.588562102390833,APC,APC
0.456229186598954,0.17,0.94,0.339766419234595,APC,Helper T-Cell
0.256833066665477,0.18,0.92,0.185239924488718,APC,Other
0.136061549576029,0.37,0.8,0.0571752950015823,Other,Other
