enrichm,p_higher_orig,p_lower_orig,PI_value,cell_1,cell_2
-1.22555970041513,1,0.35,-0.543777774234586,Helper T-Cell,Tumor
-1,1,0.92,-0.0315170514460649,Helper T-Cell,Helper T-Cell
0.670294554520918,0.31,1,0.331695274836725,Tumor,Tumor
-0.498615598926782,0.95,0.09,-0.498615598926782,Other,Tumor
0.332789087519129,0.3,1,0.169269277786168,Helper T-Cell,Other
0.0811648173499702,0.32,0.91,0.039079728126368,Other,Other
