enrichm,p_higher_orig,p_lower_orig,PI_value,cell_1,cell_2
-1.60817841842372,1,0,-3.21635683684744,APC,Tumor
1.40583856243238,0.33,1,0.658665005734578,APC,APC
-1.32288957112481,1,0,-2.64577914224961,Helper T-Cell,Tumor
-1.28950661719498,1,0.37,-0.5418718328165,APC,CTL
1.27765713016989,0,1,2.55531426033978,Other,Other
-1.23627005104521,1,0,-2.47254010209041,Other,Tumor
1.16331158398423,0,1,2.32662316796846,APC,Other
-1.02974734339405,1,0.76,-0.116885874204222,CTL,Helper T-Cell
1.02424754624668,0,1,2.04849509249335,Helper T-Cell,Other
-1,1,0.89,-0.0457574905606751,CTL,CTL
-0.646162657157894,0.95,0.15,-0.514267946785918,CTL,Other
0.427421223734676,0.57,0.99,0.101115896492697,APC,Helper T-Cell
0.304065756848648,0,1,0.608131513697296,Tumor,Tumor
0.289827251720338,0.04,0.98,0.377073948049015,CTL,Tumor
0,1,1,0,Helper T-Cell,Helper T-Cell
