enrichm,p_higher_orig,p_lower_orig,PI_value,cell_1,cell_2
-1.35839626195665,1,0,-2.71679252391331,APC,Tumor
0.85913746416015,0.64,1,0.160733144352091,APC,APC
0.610433188237274,0.08,0.97,0.638365079085964,APC,Other
-0.162802282816837,0.84,0.2,-0.110344246066524,Other,Tumor
0.15521264992094,0.02,0.99,0.236370045563237,Tumor,Tumor
0.139588923071354,0.4,0.72,0.0540510844363351,Other,Other
