enrichm,p_higher_orig,p_lower_orig,PI_value,cell_1,cell_2
1.13245029602365,0.43,1,0.403772122059657,APC,Other
-1.09310940439148,1,0.85,-0.0716003589478633,Other,Other
-1.05444778402238,1,0.87,-0.0585401233260984,CTL,Other
-1,1,0.73,-0.130768280269024,APC,CTL
-0.35501626421955,0.99,0.05,-0.433776178530127,Other,Tumor
-0.354640219634888,0.99,0.02,-0.540074052703521,APC,Tumor
-0.118644496498619,1,0.95,-0.00210342062956176,APC,APC
0.102114217652691,0.63,1,0.0197917803220595,CTL,Tumor
0.0271402803895168,0,1,0.0542805607790337,Tumor,Tumor
