enrichm,p_higher_orig,p_lower_orig,PI_value,cell_1,cell_2
-1.50635266602479,1,0.12,-1.33471379350158,Helper T-Cell,Tumor
-1,1,0.95,-0.0177287669604316,Helper T-Cell,Helper T-Cell
0.567040592723894,0.15,1,0.451296276771887,Helper T-Cell,Other
0.442635057842874,0.01,1,0.752023686142581,Tumor,Tumor
-0.391604804813721,1,0.02,-0.596366633800471,Other,Tumor
0.191119223711436,0.0600000000000001,0.99,0.220723966055291,Other,Other
