enrichm,p_higher_orig,p_lower_orig,PI_value,cell_1,cell_2
-1,1,0.88,-0.0506099933550872,Helper T-Cell,Helper T-Cell
-0.476158183710665,1,0,-0.952316367421329,Other,Tumor
0.453018502313122,0,1,0.906037004626244,Tumor,Tumor
0.444784842672896,0.21,0.91,0.29248042445576,Helper T-Cell,Tumor
-0.360645202460216,0.89,0.25,-0.210987055365687,Helper T-Cell,Other
0.272546260825857,0,1,0.545092521651714,Other,Other
