enrichm,p_higher_orig,p_lower_orig,PI_value,cell_1,cell_2
-1.27798474729977,1,0.01,-2.17125775166125,Helper T-Cell,Tumor
1.0198995574377,0.27,1,0.56384327916706,Helper T-Cell,Other
-1,1,0.96,-0.0132282657337552,Helper T-Cell,Helper T-Cell
0.533432200081074,0.09,0.95,0.533432200081074,Other,Other
-0.30061186365027,0.99,0.03,-0.420237351278176,Other,Tumor
0.0874038537571656,0,1,0.174807707514331,Tumor,Tumor
